Feature,Pearson,Chi-2,Logistics,Random Forest,LightGBM,Ranking,Selection
android.hardware.telephony,1,1,2,1,2,1.32,5
android.hardware.wifi,2,2,4,2,4,2.639,5
android.hardware.location.network,6,6,9,6,3,5.665,5
android.software.live_wallpaper,3,3,7,11,15,6.359,5
android.hardware.location,10,11,5,5,6,6.974,5
android.softwate.live_wallpaper,7,7,1,14,45,7.905,3
software,4,4,13,13,17,8.56,5
android.hardware.location.gps,8,9,43,4,5,9.086,4
android.hardware.camera.autofocus,11,10,6,12,9,9.345,5
android.hardware.screen.landscape,9,8,24,7,7,9.673,4
android.hardware.bluetooth,5,5,51,8,10,10.04,4
android.hardware.touchscreen.multitouch,13,13,3,16,18,10.786,3
android.hardware.microphone,14,14,15,9,11,12.382,5
android.hardware.screen.portrait,59,73,23,3,1,12.434,3
android.hardware.camera,12,12,28,10,8,12.639,4
android.hardware.faketouch,16,16,8,22,21,15.675,3
android.hardware.sensor.accelerometer,15,15,22,15,14,15.972,4
android.hardware.nfc,17,17,17,25,22,19.335,3
android.hardware.sensor.light,18,18,16,23,23,19.392,3
android.hardware.sensor.compass,26,24,18,20,13,19.637,4
android.hardware.camera.front,21,21,21,17,19,19.732,3
android.hardware.telephony.gsm,20,20,14,24,33,21.349,3
android.hardware.sensor.proximity,19,19,10,26,61,22.468,3
android.hardware.touchscreen,23,71,11,21,20,23.742,2
android.hardware.camera.flash,59,68,12,18,12,25.316,2
android.hardware.telephony.cdma,22,22,19,27,71,28.135,3
com.acer.android.XLONG_SCREEN,32,31,27,33,24,29.196,2
android.hardware.touchscreen.multitouch.distinct,59,72,20,19,16,30.368,2
android.hardware.audio.low_latency,25,25,26,31,65,31.844,2
com.google.android.tv,29,28,37,32,40,32.885,2
android.hardware.usb.host,35,38,25,28,42,32.994,2
ACCESS_COARSE_LOCATION,36,34,31,40,28,33.548,2
lge.hardware.real3d.barrier.landscape,24,23,36,37,66,34.451,2
RECEIVE_SMS,37,36,32,41,30,34.987,2
bluetooth,28,26,42,30,62,35.561,2
android.hardware.touchscreen.multitouch.jazzhand,31,29,45,34,46,36.328,2
android.software.sip,40,39,38,39,37,38.586,2
android.touchscreen,39,37,35,36,53,39.517,2
android.hardware.camera.autofucus,59,66,29,35,27,40.332,0
READ_SMS,38,35,30,43,63,40.435,2
android.permission.SEND_SMS,33,32,34,44,69,40.503,2
android.hardware.autofocus,30,30,40,47,68,40.943,2
android.permission.ACCESS_WIFI_STATE,45,42,41,42,36,41.092,2
android.permission.RECEIVE_SMS,59,46,39,46,25,41.407,0
android.hardware.sensor.gyroscope,27,27,52,57,70,43.245,2
android.permission.MODIFY_PHONE_STATE,59,60,33,29,58,45.569,1
android.software.live_wallpaperx,46,63,46,53,29,45.952,1
android.hardware.FEATURE_TOUCHSCREEN,50,45,49,51,44,47.718,2
android.hardware.sensor,59,70,56,38,31,48.647,0
android.hardware.FEATURE_WIFI,49,51,50,54,41,48.796,1
android.permission.NFC,34,33,62,58,73,49.411,2
android.permission.CALL_PHONE,42,40,58,67,51,50.638,2
com.google.android.feature.GOOGLE_BUILD,55,67,59,66,26,51.804,1
com.google.android.feature.GOOGLE_PLUGIN,43,44,54,64,60,52.327,2
aandroid.hardware.telephony,48,56,57,50,52,52.487,2
android.hardware.FEATURE_TOUCHSCREEN_MULTITOUCH,51,62,48,48,56,52.738,2
aandroid.hardware.touchscreen,59,54,63,59,35,52.906,0
android.hardware.usb.accessory,59,69,44,56,43,53.329,0
android.hardware.FEATURE_TOUCHSCREEN_MULTITOUCH_DISTINCT,52,61,47,55,55,53.806,2
android.hardware.sdcard,44,43,55,61,72,53.95,2
android.hardware.telphony,41,41,72,72,54,54.266,2
android.hardware.vibrate,47,48,69,63,48,54.269,2
android:hardware.camera.autofocus,57,52,71,71,32,54.439,1
android.hardware.flashlight,53,57,53,45,67,54.543,2
android.hardware.sensor.barometer,59,53,73,65,34,55.026,0
aandroid.hardware.location.gps,59,47,65,62,47,55.472,1
aandroid.hardware.location.network,59,49,64,60,49,55.862,1
android.hardware.network,54,50,61,69,50,56.351,2
android:hardware.camera,56,58,70,73,38,57.539,1
android.hardware.multitouch,59,64,60,49,57,57.577,1
android:hardware.touchscreen,59,65,68,70,39,58.95,1
android.hardware.s3dgame.landscape,58,59,67,52,64,59.773,2
aandroid.hardware.location,59,55,66,68,59,61.21,1
